{
  "integrationFolder": "cypress/integration",
  "supportFile": "cypress/support/index.ts",
  "videosFolder": "cypress/videos",
  "screenshotsFolder": "cypress/reports/mochareports/screenshots",
  "pluginsFile": "cypress/plugins/index.ts",
  "pageLoadTimeout": 10000,
  "fixturesFolder": "cypress/fixtures",
  "baseUrl": "http://localhost:4200",
  "reporter": "cypress-multi-reporters",
  "reporterOptions": {
    "reporterEnabled": "mochawesome",
    "mochawesomeReporterOptions": {
      "reportDir": "cypress/reports/mocha",
      "screenshotOnRunFailure": true,
      "overwrite": false,
      "html": false,
      "json": true,
      "reportFilename": "mochawesome",
      "embeddedScreenshots": true
    }
  },
  "trashAssetsBeforeRuns": true
}