{
  "stats": {
    "suites": 1,
    "tests": 12,
    "passes": 10,
    "pending": 0,
    "failures": 2,
    "start": "2022-01-11T23:17:35.105Z",
    "end": "2022-01-11T23:18:20.912Z",
    "duration": 45161,
    "testsRegistered": 12,
    "passPercent": 83.33333333333333,
    "pendingPercent": 0,
    "other": 0,
    "hasOther": false,
    "skipped": 0,
    "hasSkipped": false
  },
  "results": [
    {
      "uuid": "2215ca99-1c41-45ab-87cf-7df9e9ab4e73",
      "title": "",
      "fullFile": "cypress/integration/HomePage.spec.ts",
      "file": "cypress/integration/HomePage.spec.ts",
      "beforeHooks": [],
      "afterHooks": [],
      "tests": [],
      "suites": [
        {
          "uuid": "e79868d6-fb47-4209-97b0-0fc9889cb86a",
          "title": "Home Page Test",
          "fullFile": "",
          "file": "",
          "beforeHooks": [],
          "afterHooks": [],
          "tests": [
            {
              "title": "Verify Search by Full character name and Results",
              "fullTitle": "Home Page Test Verify Search by Full character name and Results",
              "timedOut": null,
              "duration": 8738,
              "state": "passed",
              "speed": "medium",
              "pass": true,
              "fail": false,
              "pending": false,
              "context": null,
              "code": "homePage.radioButtonPeople.should(\"be.checked\");\ncy.fixture('SearchData').then(function (data) {\n    var e_1, _a;\n    var _loop_1 = function (people) {\n        homePage.inputQuery.clear();\n        homePage.inputQuery.type(people);\n        homePage.buttonSearch.click();\n        homePage.characterNames.should(\"have.length\", 1).invoke(\"text\").then(function (characterNames) {\n            expect(characterNames.trim()).equal(people);\n        });\n        homePage.verifyCharacterResults();\n    };\n    try {\n        for (var _b = __values(data.persons), _c = _b.next(); !_c.done; _c = _b.next()) {\n            var people = _c.value;\n            _loop_1(people);\n        }\n    }\n    catch (e_1_1) { e_1 = { error: e_1_1 }; }\n    finally {\n        try {\n            if (_c && !_c.done && (_a = _b.return)) _a.call(_b);\n        }\n        finally { if (e_1) throw e_1.error; }\n    }\n});",
              "err": {},
              "uuid": "bf6dad6b-95f8-4ead-89ef-0290040f5a76",
              "parentUUID": "e79868d6-fb47-4209-97b0-0fc9889cb86a",
              "isHook": false,
              "skipped": false
            },
            {
              "title": "Verify Search by Full planet name and results",
              "fullTitle": "Home Page Test Verify Search by Full planet name and results",
              "timedOut": null,
              "duration": 2874,
              "state": "passed",
              "speed": "fast",
              "pass": true,
              "fail": false,
              "pending": false,
              "context": null,
              "code": "homePage.radioButtonPlanets.click();\ncy.fixture('SearchData').then(function (data) {\n    var e_2, _a;\n    var _loop_2 = function (planet) {\n        homePage.inputQuery.clear();\n        homePage.enterTextAndSearch(planet);\n        homePage.planetNames.should(\"have.length\", 1).invoke(\"text\").then(function (planetNames) {\n            expect(planetNames.trim()).equal(planet);\n        });\n        homePage.verifyPlanetResults();\n    };\n    try {\n        for (var _b = __values(data.planets), _c = _b.next(); !_c.done; _c = _b.next()) {\n            var planet = _c.value;\n            _loop_2(planet);\n        }\n    }\n    catch (e_2_1) { e_2 = { error: e_2_1 }; }\n    finally {\n        try {\n            if (_c && !_c.done && (_a = _b.return)) _a.call(_b);\n        }\n        finally { if (e_2) throw e_2.error; }\n    }\n});",
              "err": {},
              "uuid": "96395b2d-b19d-4337-a602-68413779901c",
              "parentUUID": "e79868d6-fb47-4209-97b0-0fc9889cb86a",
              "isHook": false,
              "skipped": false
            },
            {
              "title": "Verify Search by character and no results found",
              "fullTitle": "Home Page Test Verify Search by character and no results found",
              "timedOut": null,
              "duration": 967,
              "state": "passed",
              "speed": "fast",
              "pass": true,
              "fail": false,
              "pending": false,
              "context": null,
              "code": "homePage.radioButtonPeople.should(\"be.checked\");\ncy.fixture('SearchData').then(function (data) {\n    homePage.enterTextAndSearch(data.invalidTextSearch);\n});\nhomePage.verifyResultsNotFound();",
              "err": {},
              "uuid": "5c24aab8-cf05-4dcf-b11d-02cd00e22aad",
              "parentUUID": "e79868d6-fb47-4209-97b0-0fc9889cb86a",
              "isHook": false,
              "skipped": false
            },
            {
              "title": "Verify Search by planets and no results found",
              "fullTitle": "Home Page Test Verify Search by planets and no results found",
              "timedOut": null,
              "duration": 968,
              "state": "passed",
              "speed": "fast",
              "pass": true,
              "fail": false,
              "pending": false,
              "context": null,
              "code": "homePage.radioButtonPlanets.click();\ncy.fixture('SearchData').then(function (data) {\n    homePage.enterTextAndSearch(data.invalidTextSearch);\n});\nhomePage.verifyResultsNotFound();",
              "err": {},
              "uuid": "121a9f3d-ed55-463b-9f48-7cfde584e234",
              "parentUUID": "e79868d6-fb47-4209-97b0-0fc9889cb86a",
              "isHook": false,
              "skipped": false
            },
            {
              "title": "Verify Search by character with results and switch to planet with results",
              "fullTitle": "Home Page Test Verify Search by character with results and switch to planet with results",
              "timedOut": null,
              "duration": 4969,
              "state": "passed",
              "speed": "fast",
              "pass": true,
              "fail": false,
              "pending": false,
              "context": null,
              "code": "cy.fixture('SearchData').then(function (data) {\n    var e_3, _a;\n    try {\n        for (var _b = __values(data.persons), _c = _b.next(); !_c.done; _c = _b.next()) {\n            var people = _c.value;\n            homePage.inputQuery.clear();\n            homePage.radioButtonPeople.click();\n            homePage.enterTextAndSearch(people);\n            homePage.verifyCharacterResults();\n            homePage.radioButtonPlanets.click();\n            homePage.buttonSearch.click();\n            homePage.verifyResultsNotFound();\n        }\n    }\n    catch (e_3_1) { e_3 = { error: e_3_1 }; }\n    finally {\n        try {\n            if (_c && !_c.done && (_a = _b.return)) _a.call(_b);\n        }\n        finally { if (e_3) throw e_3.error; }\n    }\n});",
              "err": {},
              "uuid": "c249ba5d-0a3c-4df8-9920-3b05dbc5454b",
              "parentUUID": "e79868d6-fb47-4209-97b0-0fc9889cb86a",
              "isHook": false,
              "skipped": false
            },
            {
              "title": "Verify Search by planet with results and switch to character with results",
              "fullTitle": "Home Page Test Verify Search by planet with results and switch to character with results",
              "timedOut": null,
              "duration": 3747,
              "state": "passed",
              "speed": "fast",
              "pass": true,
              "fail": false,
              "pending": false,
              "context": null,
              "code": "cy.fixture('SearchData').then(function (data) {\n    var e_4, _a;\n    try {\n        for (var _b = __values(data.planets), _c = _b.next(); !_c.done; _c = _b.next()) {\n            var planet = _c.value;\n            homePage.inputQuery.clear();\n            homePage.radioButtonPlanets.click();\n            homePage.enterTextAndSearch(planet);\n            homePage.verifyPlanetResults();\n            homePage.radioButtonPeople.click();\n            homePage.buttonSearch.click();\n            homePage.verifyResultsNotFound();\n        }\n    }\n    catch (e_4_1) { e_4 = { error: e_4_1 }; }\n    finally {\n        try {\n            if (_c && !_c.done && (_a = _b.return)) _a.call(_b);\n        }\n        finally { if (e_4) throw e_4.error; }\n    }\n});",
              "err": {},
              "uuid": "a43bb904-6604-4104-8f05-5cdecf417d19",
              "parentUUID": "e79868d6-fb47-4209-97b0-0fc9889cb86a",
              "isHook": false,
              "skipped": false
            },
            {
              "title": "Verify Search by characters and check for result count",
              "fullTitle": "Home Page Test Verify Search by characters and check for result count",
              "timedOut": null,
              "duration": 2187,
              "state": "passed",
              "speed": "fast",
              "pass": true,
              "fail": false,
              "pending": false,
              "context": null,
              "code": "cy.fixture('SearchData').then(function (data) {\n    var e_5, _a;\n    try {\n        for (var _b = __values(data.personsMultiple), _c = _b.next(); !_c.done; _c = _b.next()) {\n            var person = _c.value;\n            homePage.inputQuery.clear();\n            homePage.enterTextAndSearch(person);\n            homePage.characterResults.should(\"have.length.gte\", 1);\n        }\n    }\n    catch (e_5_1) { e_5 = { error: e_5_1 }; }\n    finally {\n        try {\n            if (_c && !_c.done && (_a = _b.return)) _a.call(_b);\n        }\n        finally { if (e_5) throw e_5.error; }\n    }\n});",
              "err": {},
              "uuid": "691e1808-7178-4144-b5bf-a2080ac3e4cf",
              "parentUUID": "e79868d6-fb47-4209-97b0-0fc9889cb86a",
              "isHook": false,
              "skipped": false
            },
            {
              "title": "Verify Search by characters and partial match with multiple results",
              "fullTitle": "Home Page Test Verify Search by characters and partial match with multiple results",
              "timedOut": null,
              "duration": 2453,
              "state": "passed",
              "speed": "fast",
              "pass": true,
              "fail": false,
              "pending": false,
              "context": null,
              "code": "cy.fixture('SearchData').then(function (data) {\n    var e_6, _a;\n    var _loop_3 = function (person) {\n        homePage.inputQuery.clear();\n        homePage.enterTextAndSearch(person);\n        homePage.characterNames.each(function (item) {\n            cy.wrap(item).contains(person, { matchCase: false });\n        });\n    };\n    try {\n        for (var _b = __values(data.personsMultiple), _c = _b.next(); !_c.done; _c = _b.next()) {\n            var person = _c.value;\n            _loop_3(person);\n        }\n    }\n    catch (e_6_1) { e_6 = { error: e_6_1 }; }\n    finally {\n        try {\n            if (_c && !_c.done && (_a = _b.return)) _a.call(_b);\n        }\n        finally { if (e_6) throw e_6.error; }\n    }\n});",
              "err": {},
              "uuid": "5f032700-d1ea-4598-9570-e68c63e951ee",
              "parentUUID": "e79868d6-fb47-4209-97b0-0fc9889cb86a",
              "isHook": false,
              "skipped": false
            },
            {
              "title": "Verify Search by planets and check for result count",
              "fullTitle": "Home Page Test Verify Search by planets and check for result count",
              "timedOut": null,
              "duration": 4110,
              "state": "passed",
              "speed": "fast",
              "pass": true,
              "fail": false,
              "pending": false,
              "context": null,
              "code": "cy.fixture('SearchData').then(function (data) {\n    var e_7, _a;\n    try {\n        for (var _b = __values(data.planetsMultiple), _c = _b.next(); !_c.done; _c = _b.next()) {\n            var planet = _c.value;\n            homePage.inputQuery.clear();\n            homePage.radioButtonPlanets.click();\n            homePage.enterTextAndSearch(planet);\n            homePage.planetResults.should(\"have.length.gte\", 1);\n        }\n    }\n    catch (e_7_1) { e_7 = { error: e_7_1 }; }\n    finally {\n        try {\n            if (_c && !_c.done && (_a = _b.return)) _a.call(_b);\n        }\n        finally { if (e_7) throw e_7.error; }\n    }\n});",
              "err": {},
              "uuid": "e7665a4c-6862-4fc3-9569-55bd83564cf7",
              "parentUUID": "e79868d6-fb47-4209-97b0-0fc9889cb86a",
              "isHook": false,
              "skipped": false
            },
            {
              "title": "Verify Search by planets and partial match with multiple results",
              "fullTitle": "Home Page Test Verify Search by planets and partial match with multiple results",
              "timedOut": null,
              "duration": 2624,
              "state": "passed",
              "speed": "fast",
              "pass": true,
              "fail": false,
              "pending": false,
              "context": null,
              "code": "cy.fixture('SearchData').then(function (data) {\n    var e_8, _a;\n    var _loop_4 = function (planet) {\n        homePage.inputQuery.clear();\n        homePage.radioButtonPlanets.click();\n        homePage.enterTextAndSearch(planet);\n        homePage.planetNames.each(function (item) {\n            cy.wrap(item).contains(planet, { matchCase: false });\n        });\n    };\n    try {\n        for (var _b = __values(data.planetsMultiple), _c = _b.next(); !_c.done; _c = _b.next()) {\n            var planet = _c.value;\n            _loop_4(planet);\n        }\n    }\n    catch (e_8_1) { e_8 = { error: e_8_1 }; }\n    finally {\n        try {\n            if (_c && !_c.done && (_a = _b.return)) _a.call(_b);\n        }\n        finally { if (e_8) throw e_8.error; }\n    }\n});",
              "err": {},
              "uuid": "4a4dbbc0-c86c-45ea-8ead-525a4633fc4d",
              "parentUUID": "e79868d6-fb47-4209-97b0-0fc9889cb86a",
              "isHook": false,
              "skipped": false
            },
            {
              "title": "Verify Search by characters, clear and check for empty result",
              "fullTitle": "Home Page Test Verify Search by characters, clear and check for empty result",
              "timedOut": null,
              "duration": 5535,
              "state": "failed",
              "speed": null,
              "pass": false,
              "fail": true,
              "pending": false,
              "context": "\"../screenshots/HomePage.spec.ts/Home Page Test -- Verify Search by characters, clear and check for empty result (failed).png\"",
              "code": "cy.fixture('SearchData').then(function (data) {\n    homePage.inputQuery.clear();\n    homePage.enterTextAndSearch(data.personsMultiple[0]);\n    homePage.characterNames.each(function (item) {\n        cy.wrap(item).contains(data.personsMultiple[0], { matchCase: false });\n    });\n    homePage.inputQuery.clear();\n    homePage.buttonSearch.click();\n    homePage.characterNames.should('not.visible');\n    homePage.planetNames.should('not.visible');\n});",
              "err": {
                "message": "AssertionError: Timed out retrying after 4000ms: expected '[ <h6.card-subtitle.mb-2.text-muted>, 3 more... ]' not to be 'visible'",
                "estack": "AssertionError: Timed out retrying after 4000ms: expected '[ <h6.card-subtitle.mb-2.text-muted>, 3 more... ]' not to be 'visible'\n    at Context.eval (http://localhost:4200/__cypress/tests?p=cypress\\integration\\HomePage.spec.ts:336:37)",
                "diff": null
              },
              "uuid": "82c9f105-dbdb-446d-ae09-3ae920f31cc1",
              "parentUUID": "e79868d6-fb47-4209-97b0-0fc9889cb86a",
              "isHook": false,
              "skipped": false
            },
            {
              "title": "Verify Search by planet, clear and check for empty result",
              "fullTitle": "Home Page Test Verify Search by planet, clear and check for empty result",
              "timedOut": null,
              "duration": 5989,
              "state": "failed",
              "speed": null,
              "pass": false,
              "fail": true,
              "pending": false,
              "context": "\"../screenshots/HomePage.spec.ts/Home Page Test -- Verify Search by planet, clear and check for empty result (failed).png\"",
              "code": "cy.fixture('SearchData').then(function (data) {\n    homePage.inputQuery.clear();\n    homePage.radioButtonPlanets.click();\n    homePage.enterTextAndSearch(data.planetsMultiple[0]);\n    homePage.planetNames.each(function (item) {\n        cy.wrap(item).contains(data.planetsMultiple[0], { matchCase: false });\n    });\n    homePage.inputQuery.clear();\n    homePage.buttonSearch.click();\n    homePage.characterNames.should('not.visible');\n    homePage.planetNames.should('not.visible');\n});",
              "err": {
                "message": "AssertionError: Timed out retrying after 4000ms: Expected to find element: `[data-testid=\"character-names\"]`, but never found it.",
                "estack": "AssertionError: Timed out retrying after 4000ms: Expected to find element: `[data-testid=\"character-names\"]`, but never found it.\n    at Context.eval (http://localhost:4200/__cypress/tests?p=cypress\\integration\\HomePage.spec.ts:350:37)",
                "diff": null
              },
              "uuid": "1f8c7f20-c319-4643-bad6-f9e24d19c861",
              "parentUUID": "e79868d6-fb47-4209-97b0-0fc9889cb86a",
              "isHook": false,
              "skipped": false
            }
          ],
          "suites": [],
          "passes": [
            "bf6dad6b-95f8-4ead-89ef-0290040f5a76",
            "96395b2d-b19d-4337-a602-68413779901c",
            "5c24aab8-cf05-4dcf-b11d-02cd00e22aad",
            "121a9f3d-ed55-463b-9f48-7cfde584e234",
            "c249ba5d-0a3c-4df8-9920-3b05dbc5454b",
            "a43bb904-6604-4104-8f05-5cdecf417d19",
            "691e1808-7178-4144-b5bf-a2080ac3e4cf",
            "5f032700-d1ea-4598-9570-e68c63e951ee",
            "e7665a4c-6862-4fc3-9569-55bd83564cf7",
            "4a4dbbc0-c86c-45ea-8ead-525a4633fc4d"
          ],
          "failures": [
            "82c9f105-dbdb-446d-ae09-3ae920f31cc1",
            "1f8c7f20-c319-4643-bad6-f9e24d19c861"
          ],
          "pending": [],
          "skipped": [],
          "duration": 45161,
          "root": false,
          "rootEmpty": false,
          "_timeout": 2000
        }
      ],
      "passes": [],
      "failures": [],
      "pending": [],
      "skipped": [],
      "duration": 0,
      "root": true,
      "rootEmpty": true,
      "_timeout": 2000
    }
  ],
  "meta": {
    "mocha": {
      "version": "7.0.1"
    },
    "mochawesome": {
      "options": {
        "quiet": false,
        "reportFilename": "mochawesome",
        "saveHtml": false,
        "saveJson": true,
        "consoleReporter": "spec",
        "useInlineDiffs": false,
        "code": true
      },
      "version": "7.0.1"
    },
    "marge": {
      "options": {
        "id": "default",
        "reportDir": "cypress/reports/mocha",
        "screenshotOnRunFailure": true,
        "overwrite": false,
        "html": false,
        "json": true,
        "reportFilename": "mochawesome",
        "embeddedScreenshots": true
      },
      "version": "6.0.1"
    }
  }
}